"","Yearround","Handicap","indicator","Lat","Long"
"1","Yes","No",1,40.7902926,-73.9544024
"2","Yes","Yes",1,40.7937661,-73.9524574
"3","Yes","Yes",1,40.7697512,-73.9605925
"4","Yes","No",1,40.730831,-73.997343
"5","Yes","No",1,40.79612,-73.954884
"6","Yes","No",2,40.7692978,-73.9810471
"7","Yes","Yes",2,40.7904585,-73.9597062
"8","Yes","No",1,40.773851,-73.970849
"9","Yes","No",1,40.767803,-73.971837
"10","Yes","No",2,40.7982157,-73.9523666
"11","Yes","No",1,40.753613,-73.98319
"12","Yes","No",1,40.789889,-73.961839
"13","Yes","No",2,40.7100991,-73.8736068
"14","Yes","No",1,40.767644,-73.97126
"15","Yes","No",1,40.797011,-73.958974
"16","Yes","No",1,40.699645,-73.156632
"17","Yes","No",1,40.767767,-73.974498
"18","Yes","Yes",1,40.78029,-73.968843
"19","Yes","No",1,40.758871,-73.978656
"20","Yes","Yes",1,40.752926,-73.977207
"21","Yes","No",1,40.7751302,-73.9436973
"22","Yes","No",2,40.7724388,-73.978741
"23","Yes","No",2,40.758045,-73.9769745
"24","Yes","No",2,42.6569096,-73.7755431
"25","Yes","No",2,40.7224829,-73.9995839
"26","Yes","No",1,40.7807557,-73.9616122
"27","Yes","No",1,40.706995,-74.004355
"28","Yes","No",2,40.7222399,-74.0118717
"29","Yes","Yes",1,40.730542,-73.869241
"30","Yes","Yes",1,40.730329,-73.998058
"31","Yes","Yes",1,40.750779,-73.993476
"32","Yes","Yes",1,40.742029,-73.98751
"33","Yes","Yes",1,40.663471,-73.976615
"34","Yes","Yes",1,40.672997,-73.984577
"35","Yes","No",1,40.740114,-73.994428
"36","Yes","No",1,40.751527,-74.006399
"37","Yes","No",1,40.70317,-74.012241
"38","Yes","No",1,40.738825,-73.996357
"39","Yes","Yes",2,40.634491,-74.1092251
"40","Yes","Yes",2,40.6347424,-74.1122795
"41","Yes","Yes",2,40.6276019,-74.1678203
"42","Yes","No",1,40.7162692,-74.0086323
"43","Yes","No",1,40.719664,-74.002683
"44","Yes","No",1,40.719826,-74.002225
"45","Yes","No",1,40.719151,-74.00101
"46","Yes","No",2,40.718977,-74.002641
"47","Yes","No",2,40.7154702,-73.9987687
"48","Yes","No",2,40.719335,-74.001218
"49","Yes","No",2,40.718687,-74.001022
"50","Yes","No",1,40.758516,-73.969858
"51","Yes","No",2,40.7360786,-73.9917058
"52","Yes","No",1,40.742734,-74.006041
"53","Yes","No",1,40.758878,-73.984635
"54","Yes","Yes",1,40.702622,-74.012822
"55","Yes","No",1,40.706687,-74.007743
"56","Yes","No",2,40.7073131,-74.012587
"57","Yes","No",2,40.7087437,-74.0057398
"58","Yes","Yes",1,40.8511337,-73.9290202
"59","Yes","No",1,40.7073244,-73.6759635
"60","Yes","No",1,40.722384,-73.999144
"61","Yes","No",1,40.750962,-73.989526
"62","Yes","Yes",1,40.757414,-73.989772
"63","Yes","Yes",2,41.1115472,-73.8583806
"64","Yes","Yes",1,40.7486977,-73.9883319
"65","Yes","No",1,40.773844,-73.983616
"66","Yes","Yes",1,41.516443,-78.2136126
"67","Yes","Yes",2,40.6730861,-73.9694272
"68","Yes","No",1,40.676715,-73.965699
"69","Yes","Yes",1,40.758096,-73.976969
"70","Yes","Yes",2,40.7619986,-73.9656927
"71","Yes","Yes",2,40.7507431,-73.9921407
"72","Yes","No",2,40.6312978,-74.0388353
"73","Yes","Yes",2,40.7165818,-74.0161324
"74","Yes","No",2,40.7437031,-74.008656
"75","Yes","No",1,40.712896,-73.988503
"76","Yes","No",1,40.710562,-73.994091
"77","Yes","No",1,40.711498,-73.996774
"78","Yes","Yes",1,40.521419,-74.216746
"79","Yes","No",1,40.762991,-73.949399
"80","Yes","No",1,40.7274499,-74.0308856
"81","Yes","Yes",1,40.7127837,-74.0059413
"82","Yes","No",2,40.7680441,-73.9823722
"83","Yes","No",1,40.5543273,-74.156292
"84","Yes","No",1,40.581776,-73.988563
"85","Yes","No",1,40.582988,-73.984933
"86","Yes","No",1,40.584251,-73.94673
"87","Yes","No",1,40.7032775,-74.0170279
"88","Yes","Yes",1,40.7034401,-74.0168023
"89","Yes","No",1,40.748886,-74.008691
"90","Yes","Yes",1,40.735266,-73.990277
"91","Yes","No",1,40.773965,-73.966555
"92","Yes","Yes",1,40.763445,-73.999861
"93","Yes","Yes",1,40.774468,-73.984442
"94","Yes","Not Available",1,40.834349,-73.877787
"95","Yes","Not Available",1,40.9476645,-73.8345485
"96","Yes","Not Available",1,40.8173278,-73.9048429
"97","Yes","Not Available",1,40.865851,-73.850576
"98","Yes","Not Available",1,40.8819128,-73.9001578
"99","Yes","Not Available",1,40.8253722,-73.9012602
"100","Yes","Not Available",1,40.8502451,-73.8876637
"101","Yes","Not Available",1,40.866736,-73.878706
"102","Yes","Not Available",1,40.8381348,-73.8310627
"103","Yes","Not Available",1,40.8178344,-73.906772
"104","Yes","Not Available",1,40.8234124,-73.8509116
"106","Yes","Not Available",1,40.855062,-73.917406
"107","Yes","Not Available",1,40.855959,-73.886632
"108","Yes","No",1,40.838671,-73.907814
"109","Yes","Not Available",1,40.8528355,-73.8347386
"110","Yes","No",1,40.8353103,-73.8958401
"111","Yes","No",1,40.835697,-73.901235
"112","Yes","Yes",1,40.839929,-73.897816
"113","Yes","No",1,40.839858,-73.890078
"114","Yes","No",1,40.863695,-73.9049
"115","Yes","Not Available",1,40.833137,-73.90334
"116","Yes","Not Available",1,40.8698953,-73.8527494
"117","Yes","Not Available",1,40.820962,-73.91183
"118","Yes","Not Available",1,40.8231019,-73.9253274
"119","Yes","Not Available",1,40.82001,-73.908982
"120","Yes","Not Available",1,40.874779,-73.865615
"121","Yes","No",1,40.8736702,-73.8393333
"122","Yes","Not Available",1,40.875955,-73.892151
"123","Yes","Not Available",1,40.829822,-73.847859
"124","Yes","Not Available",1,40.880901,-73.920217
"125","Yes","Not Available",1,40.8240128,-73.8976774
"126","Yes","Not Available",1,40.8142264,-73.8858262
"127","Yes","Not Available",1,40.81564,-73.889112
"128","Yes","Not Available",1,40.849109,-73.852004
"129","Yes","Not Available",1,40.8078754,-73.9250518
"130","Yes","Not Available",1,40.8275468,-73.92977
"131","Yes","Not Available",1,40.8736833,-73.8679103
"132","Yes","Not Available",1,40.846578,-73.886281
"133","Yes","Not Available",1,40.877523,-73.9082418
"134","Yes","Not Available",1,40.8626762,-73.8582626
"135","Yes","Not Available",1,40.804398,-73.916665
"136","Yes","Not Available",1,40.872292,-73.882763
"137","Yes","Not Available",1,40.831279,-73.914802
"138","Yes","Not Available",1,40.831783,-73.92406
"139","Yes","Not Available",1,40.8348988,-73.9269807
"140","Yes","Not Available",1,40.8372519,-73.8722287
"141","Yes","Not Available",1,42.976524,-77.976095
"142","Yes","No",1,40.840698,-73.842504
"143","Yes","Not Available",1,40.823453,-73.850965
"144","Yes","Not Available",1,40.866094,-73.868732
"145","Yes","Not Available",1,40.851686,-73.824701
"146","Yes","Not Available",1,40.868446,-73.79267
"147","Yes","Yes",1,40.848379,-73.825435
"148","Yes","Not Available",1,40.850617,-73.819707
"149","Yes","Not Available",1,40.8510258,-73.890971
"150","Yes","Not Available",1,40.766062,-73.940694
"151","Yes","Not Available",1,40.819203,-73.849555
"152","Yes","Not Available",1,40.827119,-73.896786
"153","Yes","Not Available",1,40.849475,-73.901681
"154","Yes","Not Available",1,40.887659,-73.858673
"155","Yes","Not Available",1,40.8718815,-73.9059453
"156","Yes","Not Available",2,40.8444372,-73.9026954
"157","Yes","Not Available",1,40.885941,-73.9165092
"158","Yes","Not Available",1,40.857314,-73.8983205
"159","Yes","Not Available",1,40.8222095,-73.8597328
"160","Yes","Not Available",1,40.871825,-73.905859
"161","Yes","Not Available",1,40.885188,-73.839345
"162","Yes","Not Available",1,40.824701,-73.894306
"163","Yes","Not Available",1,40.845665,-73.895511
"164","Yes","No",2,40.890385,-73.896044
"165","Yes","No",2,40.8849265,-73.8907719
"166","Yes","Yes",2,40.89651,-73.878271
"167","Yes","No",2,40.891135,-73.893921
"168","Yes","No",2,40.8895802,-73.8999318
"169","Yes","No",2,40.9010541,-73.8969283
"170","Yes","No",2,40.888181,-73.897402
"171","Yes","No",2,40.8899,-73.895857
"172","Yes","No",2,40.900074,-73.872186
"173","Yes","Not Available",1,40.8442589,-73.8811989
"174","Yes","Not Available",1,40.902254,-73.904806
"175","Yes","Not Available",1,40.8342007,-73.8622136
"176","Yes","Not Available",1,40.9018109,-73.854679
"177","Yes","Not Available",1,40.8284567,-73.868921
"178","Yes","Not Available",1,40.8595438,-73.8929003
"179","Yes","Not Available",1,40.866113,-73.868598
"180","Yes","Not Available",1,40.8123146,-73.937268
"181","Yes","Not Available",1,40.8230268,-73.9513202
"182","Yes","Not Available",1,42.653986,-73.75993
"183","Yes","No",1,40.806552,-73.935558
"184","Yes","Not Available",2,40.8184009,-73.9508602
"185","Yes","No",1,40.736139,-73.975635
"186","Yes","No",1,40.842176,-73.939111
"187","Yes","Not Available",1,40.735597,-73.982178
"188","Yes","Not Available",1,40.790333,-73.954424
"189","Yes","Not Available",1,40.852819,-73.938048
"190","Yes","Not Available",1,40.7993583,-73.9662115
"191","Yes","Not Available",1,40.775171,-73.943654
"192","Yes","Not Available",1,40.82927,-73.944162
"193","Yes","Not Available",1,40.750145,-74.00128
"194","Yes","Not Available",1,40.748305,-74.002032
"195","Yes","Not Available",1,40.787135,-73.947274
"196","Yes","No",1,40.8195904,-73.9361885
"197","Yes","Yes",1,40.715125,-73.999964
"198","Yes","Not Available",1,40.768136,-73.9943891
"199","Yes","Not Available",1,40.730252,-74.002189
"200","Yes","Not Available",1,40.725342,-73.975459
"201","Yes","No",1,40.867367,-73.922812
"202","Yes","Not Available",1,40.723857,-73.972827
"203","Yes","Not Available",1,40.719909,-73.973635
"204","Yes","No",1,40.721694,-73.973424
"205","Yes","No",1,40.789187,-73.9379
"206","Yes","Not Available",1,40.862044,-73.932074
"207","Yes","No",1,40.863804,-73.932549
"208","Yes","Not Available",1,40.864855,-73.931717
"209","Yes","Not Available",1,40.838819,-73.946638
"210","Yes","Not Available",1,40.7969119,-73.9677592
"211","Yes","Not Available",1,40.817202,-73.9391049
"212","Yes","No",1,40.824812,-73.935556
"213","Yes","Not Available",1,40.587016,-74.100084
"214","Yes","Not Available",1,40.720046,-73.981532
"215","Yes","No",1,40.812788,-73.939211
"216","Yes","No",1,40.79694,-73.967784
"217","Yes","Yes",1,40.843436,-73.933201
"218","Yes","Not Available",1,40.6419877,-74.9132045
"219","Yes","Yes",1,40.852714,-73.926915
"220","Yes","No",1,40.832725,-73.939137
"221","Yes","Not Available",1,40.8136794,-73.9387312
"222","Yes","No",1,40.871509,-73.925709
"223","Yes","No",1,40.8677145,-73.9212019
"224","Yes","No",1,40.869927,-73.922422
"225","Yes","Yes",1,40.846319,-73.941364
"226","Yes","No",1,40.824236,-73.942139
"227","Yes","No",1,40.827962,-73.93994
"228","Yes","Not Available",1,40.824274,-73.942122
"229","Yes","No",2,40.8174777,-73.946736
"230","Yes","No",1,40.7693053,-73.9493916
"231","Yes","No",1,40.729758,-74.006272
"232","Yes","Yes",1,40.7123939,-73.9884206
"233","Yes","No",1,40.805042,-73.944831
"234","Yes","Not Available",1,40.80518,-73.943365
"235","Yes","No",1,40.6968447,-73.949496
"236","Yes","No",1,40.756617,-73.983303
"237","Yes","No",1,40.758985,-73.9913589
"238","Yes","No",1,40.724024,-73.98503
"239","Yes","Yes",1,40.805135,-73.959095
"240","Yes","Not Available",1,40.806028,-73.959063
"241","Yes","No",1,40.806334,-73.957754
"242","Yes","No",1,40.863132,-73.920639
"243","Yes","No",1,40.83168,-73.941769
"244","Yes","Yes",1,40.704988,-73.881494
"245","Yes","No",1,40.785684,-73.950114
"246","Yes","Not Available",1,40.798027,-73.936976
"247","Yes","No",1,40.822447,-73.943055
"248","Yes","No",1,40.748006,-73.9691
"249","Yes","No",1,40.813709,-73.950944
"250","Yes","No",1,40.820159,-73.946988
"251","Yes","No",1,40.821214,-73.947283
"252","Yes","Yes",1,40.7449676,-73.9736364
"253","Yes","Yes",1,40.782809,-73.944604
"254","Yes","No",1,40.7817253,-73.978687
"255","Yes","Not Available",1,40.736292,-73.989566
"256","Yes","Yes",1,40.725367,-74.0025609
"257","Yes","No",1,40.801992,-73.933208
"258","Yes","Not Available",1,40.771447,-73.988567
"259","Yes","Not Available",1,40.6805498,-73.9225717
"260","Yes","No",2,40.6578786,-73.896138
"261","Yes","Not Available",1,40.7222436,-73.9615144
"262","Yes","Not Available",1,40.7018076,-73.9394723
"263","Yes","No",1,40.6982776,-73.9914896
"264","Yes","Not Available",1,40.5767757,-73.970055
"265","Yes","No",1,40.6687403,-73.9118244
"266","Yes","No",1,40.679606,-73.874736
"267","Yes","Yes",1,40.573527,-73.970744
"268","Yes","No",1,40.5721302,-73.9793298
"269","Yes","Not Available",2,40.714593,-73.938755
"270","Yes","No",1,40.670334,-73.871688
"271","Yes","No",2,40.6235909,-73.9758061
"272","Yes","No",1,40.6803115,-74.0022113
"273","Yes","No",1,40.667555,-73.890647
"274","Yes","No",1,40.712986,-73.987595
"275","Yes","No",1,40.6120808,-74.0140275
"276","Yes","No",1,40.6893545,-73.9714325
"277","Yes","Not Available",1,40.6557721,-73.8870206
"278","Yes","No",1,40.7004831,-73.9285422
"279","Yes","Yes",1,40.6325221,-73.9240414
"280","Yes","No",1,40.679807,-73.932395
"281","Yes","No",1,40.5979212,-73.9467281
"282","Yes","Not Available",1,40.6090667,-74.0001737
"283","Yes","Not Available",1,40.6502804,-73.9764294
"284","Yes","No",2,40.6626057,-73.9467655
"285","Yes","No",1,40.6857428,-73.9452692
"286","Yes","Yes",1,40.7684844,-73.9772017
"287","Yes","Yes",1,40.689612,-73.946732
"288","Yes","No",1,40.5982571,-73.9398397
"289","Yes","No",1,40.8627738,-73.3255504
"290","Yes","No",1,40.6656832,-73.9593103
"291","Yes","Not Available",1,40.6912345,-73.9324918
"292","Yes","Not Available",1,40.6110485,-74.033835
"293","Yes","No",1,40.5789776,-73.9970482
"294","Yes","No",1,40.6585484,-73.9222043
"295","Yes","No",1,40.667319,-73.926355
"296","Yes","Not Available",1,40.6123076,-73.9113651
"297","Yes","No",1,40.7031595,-73.9238951
"298","Yes","No",1,40.5954615,-73.9212858
"299","Yes","No",2,40.6692495,-73.9135787
"300","Yes","No",1,40.7091573,-73.9439381
"301","Yes","No",1,40.7213441,-73.9526361
"302","Yes","No",1,40.6963853,-73.986125
"303","Yes","No",1,40.5969589,-73.9573817
"304","Yes","No",1,40.714993,-73.960328
"305","Yes","No",1,40.671778,-73.966774
"306","Yes","No",1,40.660673,-73.903993
"307","Yes","No",1,40.62297,-73.94641
"308","Yes","No",1,40.6744138,-73.9121896
"309","Yes","No",1,40.6939264,-73.9715243
"310","Yes","No",1,40.656026,-73.905951
"311","Yes","No",1,40.6382216,-73.9380028
"312","Yes","No",1,40.650273,-73.976452
"313","Yes","No",1,40.6772802,-74.0094471
"314","Yes","No",1,40.6772802,-74.0094471
"315","Yes","No",1,40.709785,-73.9559123
"316","Yes","No",1,40.7064875,-73.9615144
"317","Yes","No",1,40.6557697,-73.9474387
"318","Yes","Not Available",1,40.626353,-74.036105
"319","Yes","No",1,40.684971,-73.918769
"320","Yes","Not Available",1,40.661698,-73.989475
"321","Yes","No",1,40.692846,-73.95765
"322","Yes","Yes",1,40.7064848,-73.947371
"323","Yes","No",1,40.6973709,-73.948184
"324","Yes","No",1,40.645532,-74.0123851
"325","Yes","No",1,40.5732096,-73.9929283
"326","Yes","Yes",1,40.6881981,-73.9111814
"327","Yes","No",1,40.648008,-73.93292
"328","Yes","Not Available",1,40.689651,-73.999566
"329","Yes","Yes",1,40.695402,-73.966711
"330","Yes","No",1,40.7151949,-73.9640858
"331","Yes","No",1,40.6944871,-73.94692
"332","Yes","Yes",1,40.5925244,-73.9365332
"333","Yes","Yes",1,40.7312764,-73.8516467
"334","Yes","No",1,40.755735,-73.926316
"335","Yes","No",1,40.760674,-73.911527
"336","Yes","Yes",1,40.768416,-73.921227
"337","Yes","No",1,40.782421,-73.777271
"338","Yes","Yes",1,40.773684,-73.784735
"339","Yes","No",1,40.5849818,-73.8251811
"340","Yes","No",1,40.7215183,-73.7578984
"341","Yes","No",1,40.7124413,-73.7988958
"342","Yes","No",1,40.7493312,-73.7223177
"343","Yes","No",1,40.7567232,-73.7281103
"344","Yes","No",1,40.7466119,-74.0043308
"345","Yes","No",1,40.7833263,-73.807903
"346","Yes","No",2,40.7543568,-73.8794598
"347","Yes","No",1,40.7294578,-73.8799463
"348","Yes","Yes",1,40.7367631,-73.7683784
"349","Yes","No",1,40.7727441,-73.8976184
"350","Yes","No",1,40.757111,-73.933044
"351","Yes","Yes",1,40.765544,-73.870759
"352","Yes","Yes",2,40.7186362,-73.7954966
"353","Yes","No",1,40.7309791,-73.8059729
"354","Yes","No",1,40.6913888,-73.8534845
"355","Yes","No",1,40.735575,-73.775972
"356","Yes","Not Available",2,40.7714722,-73.8172937
"357","Yes","No",1,40.7397136,-73.840785
"358","Yes","Not Available",1,40.7717904,-73.9343288
"359","Yes","Not Available",2,40.5831381,-73.8226613
"360","Yes","Yes",1,40.664767,-73.850922
"361","Yes","No",1,40.7489054,-73.8972181
"362","Yes","No",1,40.7928327,-73.8518567
"363","Yes","No",1,40.706952,-73.75299
"364","Yes","No",1,40.741262,-73.776427
"365","Yes","No",1,40.7120075,-73.8216889
"366","Yes","Not Available",1,40.7357639,-73.8567468
"367","Yes","Yes",1,40.774225,-73.767632
"368","Yes","No",1,40.7473524,-73.820586
"369","Yes","Not Available",1,40.747474,-73.910586
"370","Yes","No",1,40.6860837,-73.853117
"371","Yes","No",2,40.6669522,-73.7957487
"372","Yes","Not Available",2,40.7282239,-73.7948516
"373","Yes","No",2,40.631055,-73.62462
"374","Yes","Not Available",1,40.7556465,-73.8547709
"375","Yes","No",1,40.76247,-73.734383
"376","Yes","Yes",1,40.7559225,-73.8260082
"377","Yes","No",1,40.693704,-73.795286
"378","Yes","No",1,40.7571164,-73.7715039
"379","Yes","No",1,40.690865,-73.839237
"380","Yes","Yes",1,40.598722,-73.767504
"381","Yes","No",1,40.6746737,-73.7564275
"382","Yes","Not Available",1,40.7472832,-73.9486568
"383","Yes","No",1,40.685384,-73.770036
"384","Yes","No",1,40.680689,-73.77472
"385","Yes","No",1,40.681596,-73.83901
"386","Yes","Not Available",1,40.720411,-73.860036
"387","Yes","No",1,40.757315,-73.87845
"388","Yes","Not Available",1,40.726268,-73.808249
"389","Yes","No",2,40.7536177,-73.7227354
"390","Yes","Not Available",1,40.7566953,-73.9484021
"391","Yes","Not Available",1,40.7186569,-73.9016277
"392","Yes","Not Available",1,40.7036801,-73.8039529
"393","Yes","No",1,40.724354,-73.851407
"394","Yes","Not Available",1,40.5849818,-73.8251811
"395","Yes","No",1,40.694687,-73.821775
"396","Yes","No",1,40.836557,-73.887887
"397","Yes","No",1,40.746569,-73.758899
"398","Yes","No",1,40.735877,-73.988722
"399","Yes","No",1,40.7181533,-73.8204022
"400","Yes","Yes",1,40.7298704,-73.8159908
"401","Yes","Yes",1,40.79201,-73.808606
"402","Yes","No",1,40.551685,-74.136334
"403","Yes","Yes",2,40.3087869,-73.9960543
"404","Yes","No",1,40.633905,-74.1290426
"405","Yes","Yes",1,40.637691,-74.074403
"406","Yes","No",1,40.6434007,-74.0860043
"407","Yes","Yes",1,40.6233382,-74.1458331
"408","Yes","Not Available",2,43.6815232,-70.2898967
"409","Yes","Yes",1,40.5762928,-74.098669
"410","Yes","No",1,40.5752343,-74.0988526
"411","Yes","No",1,40.5954163,-74.081599
"412","Yes","No",1,40.5227012,-74.1861976
"413","Yes","No",1,40.5884484,-74.1852803
"414","Yes","No",1,40.628284,-74.099
"415","Yes","Yes",1,40.5869221,-74.0729716
"416","Yes","Yes",1,40.623087,-74.079505
"417","Yes","No",1,40.600498,-74.158237
"418","Yes","Yes",1,43.196119,-73.6516666
"419","Yes","Unknown",1,40.753794,-73.968998
"420","Yes","Not Available",1,40.646566,-73.899077
"421","Yes","Not Available",1,40.8343419,-73.8777413
"422","Yes","Yes",2,40.8897285,-73.863865
"423","Yes","Not Available",1,40.8803982,-73.8615704
"424","Yes","Yes",1,40.645154,-73.980883
"425","Yes","Yes",1,40.690205,-73.970958
"426","Yes","Not Available",1,40.740016,-73.735096
"427","Yes","Not Available",1,40.739942,-73.736188
"428","Yes","Not Available",1,40.747267,-73.742827
"429","Yes","Not Available",1,40.743533,-73.861561
"430","Yes","Yes",1,40.728769,-73.957659
"431","Yes","Not Available",1,40.681298,-73.856995
"432","No","Not Available",1,40.7434498,-73.9548102
"433","Yes","Yes",1,40.8271436,-73.9142127
"434","Yes","Yes",1,40.5976316,-74.0709523
"435","Yes","Not Available",1,40.775606,-73.921492
"436","Yes","Not Available",1,40.7658583,-73.7942082
"437","Yes","Not Available",1,40.673605,-73.786032
"438","Yes","Not Available",1,40.7008946,-73.9460852
"439","Yes","Not Available",2,40.7035905,-74.0144071
"440","Yes","Not Available",1,40.634803,-73.887118
"441","Yes","Not Available",1,40.708391,-73.9639214
"442","Yes","Not Available",1,40.602355,-74.002215
"443","Yes","Not Available",1,40.597859,-74.000014
"444","Yes","Not Available",1,40.664648,-73.911824
"445","Yes","Not Available",1,40.7395042,-73.90273
"446","Yes","Not Available",1,40.6356534,-73.9118244
"447","Yes","Not Available",1,40.592201,-73.945611
"448","Yes","Not Available",1,40.7362218,-74.0055909
"449","Yes","Yes",1,40.587452,-74.133367
"450","","Yes",1,40.534986,-74.208435
"451","Yes","Yes",2,40.5291996,-74.1761352
"452","Yes","Not Available",1,40.7705766,-73.807311
"453","Yes","Not Available",1,40.7579884,-73.8248135
"454","Yes","Not Available",1,40.7258447,-73.7290298
"455","Yes","Not Available",1,40.652276,-73.892182
"456","Yes","Not Available",2,40.8543818,-73.8610494
"457","Yes","Not Available",2,40.8370495,-73.8654295
"458","Yes","Not Available",2,40.8740125,-73.8833881
"459","Yes","Not Available",1,40.8609032,-73.8706083
"460","Yes","Not Available",1,40.8067116,-73.9222962
"461","Yes","Yes",1,40.8370495,-73.8654295
"462","Yes","Not Available",2,40.9476645,-73.8345485
"463","Yes","Not Available",2,40.8370495,-73.8654295
"464","Yes","Yes",2,40.864696,-73.871816
"465","Yes","Not Available",1,40.660019,-73.745362
"466","Yes","Not Available",1,40.6735874,-73.9431462
"467","Yes","Not Available",1,40.838143,-73.831052
"468","Yes","Not Available",1,40.689689,-73.743155
"469","Yes","Not Available",1,40.713785,-73.9541673
"470","Yes","Not Available",1,40.6303632,-73.8926247
"471","Yes","Yes",1,40.8178344,-73.906772
"472","Yes","Not Available",1,40.7124413,-73.7988958
"473","Yes","Not Available",1,40.74732,-73.820605
"474","Yes","Yes",1,40.681041,-73.995684
"475","No","Not Available",1,40.6802881,-73.9207346
"476","Yes","Not Available",1,40.8373952,-73.8538521
"477","Yes","Yes",1,40.86798,-73.842142
"478","","Yes",1,40.780756,-73.961612
"479","Yes","Not Available",1,40.767685,-73.97127
"480","","Not Available",1,40.773802,-73.970849
"481","Yes","Not Available",1,40.793717,-73.952457
"482","Yes","Yes",1,40.797116,-73.951372
"483","","Not Available",1,40.768479,-73.977202
"484","Yes","Not Available",1,40.773991,-73.966545
"485","Yes","Not Available",1,40.775303,-73.968766
"486","Yes","Yes",1,40.791119,-73.95971
"487","","Not Available",1,40.777381,-73.969528
"488","No","Yes",1,40.773044,-73.974266
"489","","Not Available",1,40.772206,-73.977604
"490","Yes","Not Available",1,40.789586,-73.961918
"491","No","Not Available",1,40.796921,-73.958977
"492","Yes","Not Available",1,40.779607,-73.963244
"493","No","Not Available",1,40.769285,-73.980984
"494","Yes","Yes",1,40.767751,-73.974466
"495","Yes","Yes",1,40.78029,-73.968779
"496","Yes","Not Available",2,40.8427457,-73.908643
"497","Yes","Yes",1,40.8137639,-73.9214695
"498","Yes","Not Available",1,40.609572,-73.969435
"499","Yes","Not Available",1,40.7112051,-73.9936545
"500","Yes","Not Available",1,40.7858,-73.846496
"501","No","Not Available",2,40.7018957,-73.9369936
"502","Yes","Not Available",1,40.620224,-73.937493
"503","Yes","Not Available",1,40.7474938,-73.8549547
"504","Yes","Not Available",1,40.7392063,-74.0048564
"505","No","Not Available",1,40.6379157,-74.1184904
"506","Yes","Not Available",1,40.8353103,-73.8958401
"507","Yes","Yes",1,40.729372,-73.772702
"508","Yes","Not Available",1,40.6999581,-73.7582662
"509","Yes","Not Available",1,40.6145077,-74.0742565
"510","Yes","Not Available",1,40.702291,-73.784136
"512","Yes","Yes",1,40.537665,-74.162203
"513","Yes","Not Available",1,40.6809517,-73.8033076
"514","Yes","Not Available",1,40.561588,-74.110892
"515","Yes","Not Available",1,40.698433,-73.740198
"516","Yes","Not Available",1,40.8841875,-73.8450307
"517","Yes","Not Available",1,40.7360573,-73.8053296
"518","No","Not Available",1,40.758943,-73.869324
"519","Yes","Not Available",1,40.7229926,-73.8270377
"520","Yes","Not Available",1,40.7359996,-73.840436
"521","Yes","Yes",1,40.7408291,-73.8499488
"522","Yes","Not Available",1,40.7375349,-73.8457658
"523","Yes","Not Available",1,42.2463216,-70.9972162
"524","Yes","Not Available",1,40.7007278,-73.8431928
"525","No","Not Available",1,40.698519,-73.85805
"526","Yes","Not Available",2,40.7096359,-73.834812
"527","Yes","Not Available",1,40.697681,-73.856495
"528","Yes","Not Available",1,40.702856,-73.849107
"529","Yes","Not Available",1,40.701735,-73.853268
"530","Yes","Not Available",1,40.700661,-73.856004
"531","Yes","Not Available",1,40.6914866,-73.9753317
"532","Yes","Not Available",1,40.8816434,-73.8961157
"533","Yes","Not Available",1,40.760445,-73.78434
"534","Yes","Not Available",1,40.7442965,-73.8865612
"535","Yes","Not Available",1,40.7847847,-73.8341872
"536","Yes","Not Available",1,40.683447,-73.807767
"537","Yes","Not Available",1,40.7341196,-73.7961384
"538","Yes","Not Available",1,40.618619,-73.972871
"539","Yes","Yes",1,40.6368433,-73.9196324
"540","Yes","Not Available",1,40.7625011,-73.8843563
"541","Yes","Not Available",1,40.8356154,-73.9033731
"542","Yes","Not Available",1,40.6802801,-73.9852314
"543","Yes","Yes",1,40.63078,-74.164679
"544","Yes","Not Available",1,40.6234499,-73.9842885
"545","Yes","Not Available",1,40.6864082,-73.9659225
"546","Yes","Not Available",1,40.6502804,-73.9764294
"547","Yes","Not Available",1,40.834281,-74.282995
"548","No","Not Available",1,40.732456,-73.731724
"549","No","Yes",1,40.721486,-73.757948
"550","Yes","Not Available",1,40.643022,-73.923026
"551","Yes","Not Available",1,40.7928327,-73.8518567
"552","Yes","Not Available",1,40.582287,-74.123155
"553","Yes","Not Available",1,40.584828,-74.12514
"554","Yes","Yes",1,40.582531,-74.123208
"555","Yes","Not Available",1,40.584539,-74.125161
"556","Yes","Not Available",1,40.4959379,-74.4243178
"557","Yes","Not Available",1,40.732715,-73.872106
"558","Yes","Not Available",2,40.8174777,-73.946736
"559","Yes","Not Available",1,40.613194,-74.03008
"560","Yes","Not Available",1,40.715846,-73.8011017
"561","Yes","Not Available",1,40.7071757,-73.8915223
"562","Yes","Yes",1,40.720218,-73.881372
"563","Yes","Not Available",1,40.704224,-73.785937
"564","Yes","Not Available",1,40.726407,-73.847432
"565","Yes","Not Available",1,40.771013,-73.779077
"566","Yes","Not Available",1,40.744708,-73.809363
"567","Yes","Not Available",1,40.709894,-73.959284
"568","Yes","Not Available",1,40.629766,-74.010631
"569","Yes","Not Available",1,40.633905,-74.1290426
"570","","Yes",2,40.7020409,-73.7831254
"571","Yes","Not Available",1,40.748521,-73.86195
"572","Yes","Not Available",1,40.576129,-73.978033
"573","Yes","Not Available",1,40.663323,-73.949663
"574","","Yes",1,40.6039714,-73.930572
"575","Yes","Yes",1,40.8468846,-73.8614786
"576","Yes","Not Available",1,40.727537,-73.904855
"577","Yes","Not Available",1,40.626552,-74.016745
"578","Yes","Yes",1,40.57149,-74.0931627
"579","Yes","Not Available",1,40.7244435,-73.9433581
"580","Yes","Not Available",1,40.74127,-73.922399
"581","Yes","Not Available",1,40.681571,-73.839263
"582","Yes","Not Available",1,40.676927,-73.978931
"583","Yes","Not Available",1,40.576981,-73.946523
"584","Yes","Not Available",1,40.620141,-73.95798
"585","Yes","Not Available",1,40.8496714,-73.8330844
"586","Yes","Not Available",1,40.809434,-73.916889
"587","Yes","Not Available",1,40.735845,-73.98086
"588","Yes","Not Available",1,40.614993,-73.944587
"589","Yes","Not Available",1,40.696305,-73.99745
"590","Yes","Not Available",1,40.666304,-73.862032
"591","Yes","Not Available",1,40.73624,-73.854875
"592","Yes","Not Available",1,40.815219,-73.901698
"593","Yes","Not Available",1,40.7926774,-73.9428706
"594","Yes","Not Available",1,40.6820904,-73.9442483
"595","Yes","Not Available",1,40.692302,-73.961938
"596","Yes","Not Available",1,40.651894,-73.965707
"597","Yes","Not Available",1,40.666981,-73.97378
"598","Yes","Yes",1,40.661447,-73.973008
"599","Yes","Not Available",1,40.649717,-73.970966
"600","Yes","Not Available",1,40.661913,-73.963877
"601","","Not Available",1,40.669335,-73.970271
"602","Yes","Yes",1,40.592388,-73.936367
"603","Yes","Yes",1,40.735407,-73.857742
"604","No","Not Available",1,40.785871,-73.984487
"605","No","Yes",1,40.785733,-73.984493
"606","Yes","Not Available",1,40.811453,-73.963493
"607","Yes","Not Available",1,40.787322,-73.980938
"608","Yes","Not Available",1,40.813415,-73.963021
"609","Yes","Not Available",1,40.793267,-73.977992
"610","Yes","Not Available",1,40.783391,-73.984802
"611","Yes","Not Available",1,40.787256,-73.980952
"612","Yes","Not Available",1,40.787344,-73.982084
"613","No","Not Available",1,40.811347,-73.965631
"614","Yes","Not Available",1,40.796793,-73.977044
"615","Yes","Not Available",1,40.7480467,-73.9692285
"616","Yes","Not Available",1,40.681351,-73.787159
"617","No","Not Available",1,40.584528,-73.811149
"618","Yes","Not Available",1,40.589087,-73.789072
"619","Yes","Not Available",1,40.577385,-73.836923
"620","","Yes",1,40.580637,-73.825516
"621","","Yes",1,40.58023,-73.827597
"622","","Yes",1,40.584535,-73.811153
"623","","Yes",1,40.582946,-73.817583
"624","Yes","Not Available",1,40.7064875,-73.9615144
"625","Yes","Not Available",1,40.83465,-73.93853
"626","Yes","Not Available",1,40.704357,-73.904049
"627","Yes","Not Available",1,40.687236,-73.772122
"628","Yes","Not Available",1,40.683162,-73.9051704
"629","Yes","Yes",1,40.722369,-73.991619
"630","Yes","Not Available",1,40.6081073,-73.9863087
"631","No","Not Available",1,40.88752,-73.918429
"632","Yes","Not Available",1,40.814868,-73.955559
"633","Yes","Not Available",1,40.622012,-74.040678
"634","Yes","Not Available",1,40.628187,-74.039913
"635","Yes","Not Available",1,40.620685,-74.0409
"636","Yes","Not Available",1,40.7895736,-73.9687693
"637","No","Not Available",1,40.7143044,-73.9839212
"638","Yes","Not Available",1,40.6770054,-73.8847238
"639","Yes","Not Available",1,40.661031,-73.761786
"640","Yes","Not Available",1,40.6787018,-73.9426124
"641","Yes","Not Available",2,40.764625,-73.9583262
"642","Yes","Yes",1,40.809883,-73.910434
"643","Yes","Not Available",1,40.812885,-73.9132
"644","Yes","Yes",1,40.811655,-73.914028
"645","Yes","Yes",1,40.7449676,-73.9736364
"646","Yes","Not Available",1,40.6750147,-73.9618817
"647","Yes","Not Available",1,40.647664,-74.005016
"648","Yes","Not Available",1,40.8391317,-73.8659808
"649","Yes","Yes",1,40.613587,-74.098432
"650","Yes","Not Available",1,40.8387396,-73.8454901
"651","Yes","Not Available",1,40.793427,-73.934029
"652","Yes","Yes",1,40.609359,-74.12035
"653","Yes","Yes",1,40.726747,-73.9807
"654","Yes","Not Available",1,40.778799,-73.922544
"655","No","Not Available",1,40.784987,-73.925913
"656","Yes","Yes",1,40.688544,-73.966485
"657","Yes","Not Available",1,40.731397,-73.997007
"658","Yes","Not Available",1,40.710342,-73.739511
"659","Yes","Not Available",1,40.763414,-73.824469
"660","Yes","Not Available",1,40.586441,-73.969889
"661","Yes","Not Available",1,40.576062,-73.978829
"662","Yes","Not Available",1,40.604574,-73.95627
"663","Yes","Not Available",1,40.8779125,-73.8775576
"664","Yes","Not Available",1,40.8109536,-73.9228473
"665","Yes","Not Available",1,40.722735,-73.836987
"666","Yes","Not Available",1,40.6585943,-73.9442483
"667","Yes","Not Available",1,40.675133,-73.930523
"668","Yes","Not Available",1,40.7772518,-73.9025345
